1;WorldCCBonn
2;EMKA-Verbrauchermarkt
3;WorldCCBonn
4;WorldCCBonn
5;Asklepios-Kinderklinik
6;EMKA-Verbrauchermarkt
7;WorldCCBonn
8;Asklepios-Kinderklinik
9;EMKA-Verbrauchermarkt
10;EMKA-Verbrauchermarkt
11;EMKA-Verbrauchermarkt
12;Asklepios-Kinderklinik
13;WorldCCBonn
14;WorldCCBonn
15;EMKA-Verbrauchermarkt
16;EMKA-Verbrauchermarkt
17;Asklepios-Kinderklinik
18;WorldCCBonn
19;EMKA-Verbrauchermarkt
20;Asklepios-Kinderklinik
21;WorldCCBonn
22;WorldCCBonn
23;WorldCCBonn
24;Asklepios-Kinderklinik
25;EMKA-Verbrauchermarkt
26;EMKA-Verbrauchermarkt
27;Asklepios-Kinderklinik
28;Asklepios-Kinderklinik
29;WorldCCBonn
30;EMKA-Verbrauchermarkt
31;WorldCCBonn
32;WorldCCBonn
33;EMKA-Verbrauchermarkt
34;WorldCCBonn
35;Asklepios-Kinderklinik
36;Asklepios-Kinderklinik
37;WorldCCBonn
38;WorldCCBonn
39;EMKA-Verbrauchermarkt
40;EMKA-Verbrauchermarkt
41;EMKA-Verbrauchermarkt
42;Asklepios-Kinderklinik
43;Asklepios-Kinderklinik
44;EMKA-Verbrauchermarkt
45;Asklepios-Kinderklinik
46;EMKA-Verbrauchermarkt
47;EMKA-Verbrauchermarkt
48;EMKA-Verbrauchermarkt
49;EMKA-Verbrauchermarkt
50;EMKA-Verbrauchermarkt
51;EMKA-Verbrauchermarkt
52;Asklepios-Kinderklinik
53;WorldCCBonn
54;EMKA-Verbrauchermarkt
55;WorldCCBonn
56;EMKA-Verbrauchermarkt
57;WorldCCBonn
58;Asklepios-Kinderklinik
59;Asklepios-Kinderklinik
60;Asklepios-Kinderklinik
61;EMKA-Verbrauchermarkt
62;Asklepios-Kinderklinik
63;EMKA-Verbrauchermarkt
64;Asklepios-Kinderklinik
65;WorldCCBonn
66;Asklepios-Kinderklinik
67;EMKA-Verbrauchermarkt
68;EMKA-Verbrauchermarkt
69;Asklepios-Kinderklinik
70;Asklepios-Kinderklinik
71;EMKA-Verbrauchermarkt
72;Asklepios-Kinderklinik
73;Asklepios-Kinderklinik
74;Asklepios-Kinderklinik
75;WorldCCBonn
76;EMKA-Verbrauchermarkt
77;EMKA-Verbrauchermarkt
78;EMKA-Verbrauchermarkt
79;EMKA-Verbrauchermarkt
80;EMKA-Verbrauchermarkt
81;EMKA-Verbrauchermarkt
82;EMKA-Verbrauchermarkt
83;Asklepios-Kinderklinik
84;EMKA-Verbrauchermarkt
85;WorldCCBonn
86;WorldCCBonn
87;WorldCCBonn
88;WorldCCBonn
89;Asklepios-Kinderklinik
90;EMKA-Verbrauchermarkt
91;Asklepios-Kinderklinik
92;EMKA-Verbrauchermarkt
93;WorldCCBonn
94;WorldCCBonn
95;WorldCCBonn
96;EMKA-Verbrauchermarkt
97;Asklepios-Kinderklinik
98;Asklepios-Kinderklinik
99;WorldCCBonn
100;Asklepios-Kinderklinik
101;WorldCCBonn
102;WorldCCBonn
103;WorldCCBonn
104;EMKA-Verbrauchermarkt
105;Asklepios-Kinderklinik
106;WorldCCBonn
107;Asklepios-Kinderklinik
108;EMKA-Verbrauchermarkt
109;EMKA-Verbrauchermarkt
110;Asklepios-Kinderklinik
111;EMKA-Verbrauchermarkt
112;EMKA-Verbrauchermarkt
113;Asklepios-Kinderklinik
114;EMKA-Verbrauchermarkt
115;Asklepios-Kinderklinik
116;WorldCCBonn
117;WorldCCBonn
118;EMKA-Verbrauchermarkt
119;Asklepios-Kinderklinik
120;Asklepios-Kinderklinik
121;Asklepios-Kinderklinik
122;Asklepios-Kinderklinik
123;EMKA-Verbrauchermarkt
124;Asklepios-Kinderklinik
125;WorldCCBonn
126;WorldCCBonn
127;EMKA-Verbrauchermarkt
128;Asklepios-Kinderklinik
129;EMKA-Verbrauchermarkt
130;Asklepios-Kinderklinik
131;EMKA-Verbrauchermarkt
132;EMKA-Verbrauchermarkt
133;EMKA-Verbrauchermarkt
134;Asklepios-Kinderklinik
135;EMKA-Verbrauchermarkt
136;Asklepios-Kinderklinik
137;Asklepios-Kinderklinik
138;EMKA-Verbrauchermarkt
139;EMKA-Verbrauchermarkt
140;WorldCCBonn
141;Asklepios-Kinderklinik
142;EMKA-Verbrauchermarkt
143;WorldCCBonn
144;WorldCCBonn
145;EMKA-Verbrauchermarkt
146;EMKA-Verbrauchermarkt
147;Asklepios-Kinderklinik
148;Asklepios-Kinderklinik
149;EMKA-Verbrauchermarkt
150;Asklepios-Kinderklinik
151;Asklepios-Kinderklinik
152;EMKA-Verbrauchermarkt
153;EMKA-Verbrauchermarkt
154;WorldCCBonn
155;WorldCCBonn
156;WorldCCBonn
157;EMKA-Verbrauchermarkt
158;Asklepios-Kinderklinik
159;Asklepios-Kinderklinik
160;Asklepios-Kinderklinik
161;WorldCCBonn
162;Asklepios-Kinderklinik
163;EMKA-Verbrauchermarkt
164;Asklepios-Kinderklinik
165;EMKA-Verbrauchermarkt
166;WorldCCBonn
167;WorldCCBonn
168;Asklepios-Kinderklinik
169;EMKA-Verbrauchermarkt
170;WorldCCBonn
171;WorldCCBonn
172;EMKA-Verbrauchermarkt
173;Asklepios-Kinderklinik
174;Asklepios-Kinderklinik
175;WorldCCBonn
176;EMKA-Verbrauchermarkt
177;EMKA-Verbrauchermarkt
178;Asklepios-Kinderklinik
179;Asklepios-Kinderklinik
180;EMKA-Verbrauchermarkt
181;EMKA-Verbrauchermarkt
182;Asklepios-Kinderklinik
183;WorldCCBonn
184;EMKA-Verbrauchermarkt
185;EMKA-Verbrauchermarkt
186;EMKA-Verbrauchermarkt
187;EMKA-Verbrauchermarkt
188;Asklepios-Kinderklinik
189;WorldCCBonn
190;WorldCCBonn
191;WorldCCBonn
192;WorldCCBonn
193;WorldCCBonn
194;Asklepios-Kinderklinik
195;EMKA-Verbrauchermarkt
196;WorldCCBonn
197;WorldCCBonn
198;WorldCCBonn
199;Asklepios-Kinderklinik
200;Asklepios-Kinderklinik
201;EMKA-Verbrauchermarkt
202;Asklepios-Kinderklinik
203;Asklepios-Kinderklinik
204;WorldCCBonn
205;EMKA-Verbrauchermarkt
206;EMKA-Verbrauchermarkt
207;WorldCCBonn
208;Asklepios-Kinderklinik
209;EMKA-Verbrauchermarkt
210;Asklepios-Kinderklinik
211;EMKA-Verbrauchermarkt
212;WorldCCBonn
213;WorldCCBonn
214;Asklepios-Kinderklinik
215;WorldCCBonn
216;Asklepios-Kinderklinik
217;WorldCCBonn
218;Asklepios-Kinderklinik
219;Asklepios-Kinderklinik
220;WorldCCBonn
221;Asklepios-Kinderklinik
222;WorldCCBonn
223;EMKA-Verbrauchermarkt
224;EMKA-Verbrauchermarkt
225;WorldCCBonn
226;Asklepios-Kinderklinik
227;WorldCCBonn
228;EMKA-Verbrauchermarkt
229;Asklepios-Kinderklinik
230;EMKA-Verbrauchermarkt
231;WorldCCBonn
232;Asklepios-Kinderklinik
233;WorldCCBonn
234;WorldCCBonn
235;EMKA-Verbrauchermarkt
236;Asklepios-Kinderklinik
237;WorldCCBonn
238;Asklepios-Kinderklinik
239;WorldCCBonn
240;WorldCCBonn
241;Asklepios-Kinderklinik
242;WorldCCBonn
243;EMKA-Verbrauchermarkt
244;WorldCCBonn
245;WorldCCBonn
246;EMKA-Verbrauchermarkt
247;EMKA-Verbrauchermarkt
248;EMKA-Verbrauchermarkt
249;EMKA-Verbrauchermarkt
250;Asklepios-Kinderklinik
251;Asklepios-Kinderklinik
252;EMKA-Verbrauchermarkt
253;WorldCCBonn
254;WorldCCBonn
255;WorldCCBonn
256;EMKA-Verbrauchermarkt
257;EMKA-Verbrauchermarkt
258;WorldCCBonn
259;WorldCCBonn
260;Asklepios-Kinderklinik
261;WorldCCBonn
262;WorldCCBonn
263;EMKA-Verbrauchermarkt
264;WorldCCBonn
265;Asklepios-Kinderklinik
266;EMKA-Verbrauchermarkt
267;EMKA-Verbrauchermarkt
268;Asklepios-Kinderklinik
269;EMKA-Verbrauchermarkt
270;WorldCCBonn
271;EMKA-Verbrauchermarkt
272;Asklepios-Kinderklinik
273;WorldCCBonn
274;Asklepios-Kinderklinik
275;EMKA-Verbrauchermarkt
276;Asklepios-Kinderklinik
277;EMKA-Verbrauchermarkt
278;EMKA-Verbrauchermarkt
279;EMKA-Verbrauchermarkt
280;WorldCCBonn
281;WorldCCBonn
282;EMKA-Verbrauchermarkt
283;EMKA-Verbrauchermarkt
284;EMKA-Verbrauchermarkt
285;Asklepios-Kinderklinik
286;Asklepios-Kinderklinik
287;WorldCCBonn
288;WorldCCBonn
